{
  "accuracy": 0.9444444444444444,
  "precision_pos": 0.8965517238287752,
  "recall_pos": 0.9999999996153845,
  "f1_pos": 0.9454545401256199,
  "tp": 26.0,
  "fp": 3.0,
  "fn": 0.0,
  "tn": 25.0,
  "loss": 0.17939859069883823,
  "roc_auc_fall": 0.9766483516483517
}