{
  "accuracy": 0.7222222222222222,
  "precision_pos": 0.6341463413087448,
  "recall_pos": 0.9999999996153845,
  "f1_pos": 0.77611939800401,
  "tp": 26.0,
  "fp": 15.0,
  "fn": 0.0,
  "tn": 13.0,
  "loss": 0.5047058239579201,
  "roc_auc_fall": 0.7129120879120879
}