{
  "accuracy": 0.8703703703703703,
  "precision_pos": 0.8064516126430801,
  "recall_pos": 0.9615384611686391,
  "f1_pos": 0.8771929771868268,
  "tp": 25.0,
  "fp": 6.0,
  "fn": 1.0,
  "tn": 22.0,
  "loss": 0.42583855986595154,
  "roc_auc_fall": 0.8873626373626373
}