mode,loss,accuracy,f1_fall,recall_fall,precision_fall,roc_auc_fall,tp,fp,fn,tn
fusion,0.17939859069883823,0.9444444444444444,0.9454545401256199,0.9999999996153845,0.8965517238287752,0.9766483516483517,26.0,3.0,0.0,25.0
video_only,0.42583855986595154,0.8703703703703703,0.8771929771868268,0.9615384611686391,0.8064516126430801,0.8873626373626373,25.0,6.0,1.0,22.0
audio_only,0.5047058239579201,0.7222222222222222,0.77611939800401,0.9999999996153845,0.6341463413087448,0.7129120879120879,26.0,15.0,0.0,13.0
